{
  "TC_03_updatePetType" : {
    "transaction" : "TC_03_updatePetType",
    "sampleCount" : 8,
    "errorCount" : 0,
    "errorPct" : 0.0,
    "meanResTime" : 174.125,
    "medianResTime" : 25.5,
    "minResTime" : 16.0,
    "maxResTime" : 748.0,
    "pct1ResTime" : 748.0,
    "pct2ResTime" : 748.0,
    "pct3ResTime" : 748.0,
    "throughput" : 0.11199305643050131,
    "receivedKBytesPerSec" : 0.061232531708034096,
    "sentKBytesPerSec" : 0.033357306846975486
  },
  "Total" : {
    "transaction" : "Total",
    "sampleCount" : 32,
    "errorCount" : 2,
    "errorPct" : 6.25,
    "meanResTime" : 452.15625,
    "medianResTime" : 25.5,
    "minResTime" : 13.0,
    "maxResTime" : 5070.0,
    "pct1ResTime" : 911.2999999999998,
    "pct2ResTime" : 5070.0,
    "pct3ResTime" : 5070.0,
    "throughput" : 0.3698652303566888,
    "receivedKBytesPerSec" : 0.2543387828255392,
    "sentKBytesPerSec" : 0.09238729585173028
  },
  "TC_01_getAllPetTypes" : {
    "transaction" : "TC_01_getAllPetTypes",
    "sampleCount" : 15,
    "errorCount" : 1,
    "errorPct" : 6.6666665,
    "meanResTime" : 456.79999999999995,
    "medianResTime" : 20.0,
    "minResTime" : 13.0,
    "maxResTime" : 5070.0,
    "pct1ResTime" : 2482.8000000000015,
    "pct2ResTime" : 5070.0,
    "pct3ResTime" : 5070.0,
    "throughput" : 0.1972386587771203,
    "receivedKBytesPerSec" : 0.14881502712031558,
    "sentKBytesPerSec" : 0.040256718441814596
  },
  "TC_02_addPetTypes" : {
    "transaction" : "TC_02_addPetTypes",
    "sampleCount" : 9,
    "errorCount" : 1,
    "errorPct" : 11.111111,
    "meanResTime" : 691.5555555555554,
    "medianResTime" : 31.0,
    "minResTime" : 16.0,
    "maxResTime" : 5070.0,
    "pct1ResTime" : 5070.0,
    "pct2ResTime" : 5070.0,
    "pct3ResTime" : 5070.0,
    "throughput" : 0.10463777888874679,
    "receivedKBytesPerSec" : 0.07340312939624002,
    "sentKBytesPerSec" : 0.02963374597435212
  }
}