{
  "TC_03_updatePetType" : {
    "transaction" : "TC_03_updatePetType",
    "sampleCount" : 8,
    "errorCount" : 0,
    "errorPct" : 0.0,
    "meanResTime" : 19.874999999999996,
    "medianResTime" : 13.5,
    "minResTime" : 10.0,
    "maxResTime" : 44.0,
    "pct1ResTime" : 44.0,
    "pct2ResTime" : 44.0,
    "pct3ResTime" : 44.0,
    "throughput" : 0.10775136372819719,
    "receivedKBytesPerSec" : 0.06258312849350124,
    "sentKBytesPerSec" : 0.028937133813724827
  },
  "Total" : {
    "transaction" : "Total",
    "sampleCount" : 32,
    "errorCount" : 0,
    "errorPct" : 0.0,
    "meanResTime" : 97.81249999999999,
    "medianResTime" : 12.0,
    "minResTime" : 8.0,
    "maxResTime" : 953.0,
    "pct1ResTime" : 403.4999999999998,
    "pct2ResTime" : 952.35,
    "pct3ResTime" : 953.0,
    "throughput" : 0.37558244621542,
    "receivedKBytesPerSec" : 0.27529111307379023,
    "sentKBytesPerSec" : 0.08281198650837432
  },
  "TC_02_addPetTypes" : {
    "transaction" : "TC_02_addPetTypes",
    "sampleCount" : 9,
    "errorCount" : 0,
    "errorPct" : 0.0,
    "meanResTime" : 135.33333333333334,
    "medianResTime" : 12.0,
    "minResTime" : 8.0,
    "maxResTime" : 952.0,
    "pct1ResTime" : 952.0,
    "pct2ResTime" : 952.0,
    "pct3ResTime" : 952.0,
    "throughput" : 0.1109946352592958,
    "receivedKBytesPerSec" : 0.08198138912869211,
    "sentKBytesPerSec" : 0.028182231608805577
  },
  "TC_01_getAllPetTypes" : {
    "transaction" : "TC_01_getAllPetTypes",
    "sampleCount" : 15,
    "errorCount" : 0,
    "errorPct" : 0.0,
    "meanResTime" : 116.86666666666672,
    "medianResTime" : 12.0,
    "minResTime" : 9.0,
    "maxResTime" : 953.0,
    "pct1ResTime" : 678.2000000000002,
    "pct2ResTime" : 953.0,
    "pct3ResTime" : 953.0,
    "throughput" : 0.2110892203771461,
    "receivedKBytesPerSec" : 0.17113893628623697,
    "sentKBytesPerSec" : 0.03689938520264565
  }
}