{
  "TC_03_updatePetType" : {
    "transaction" : "TC_03_updatePetType",
    "sampleCount" : 8,
    "errorCount" : 0,
    "errorPct" : 0.0,
    "meanResTime" : 40.5,
    "medianResTime" : 18.0,
    "minResTime" : 12.0,
    "maxResTime" : 104.0,
    "pct1ResTime" : 104.0,
    "pct2ResTime" : 104.0,
    "pct3ResTime" : 104.0,
    "throughput" : 0.10821925220496727,
    "receivedKBytesPerSec" : 0.06288130377144094,
    "sentKBytesPerSec" : 0.029062787457388668
  },
  "Total" : {
    "transaction" : "Total",
    "sampleCount" : 32,
    "errorCount" : 0,
    "errorPct" : 0.0,
    "meanResTime" : 146.84375000000006,
    "medianResTime" : 18.5,
    "minResTime" : 9.0,
    "maxResTime" : 1516.0,
    "pct1ResTime" : 543.9999999999998,
    "pct2ResTime" : 1476.35,
    "pct3ResTime" : 1516.0,
    "throughput" : 0.374496769965359,
    "receivedKBytesPerSec" : 0.2730896093237993,
    "sentKBytesPerSec" : 0.08257260629271604
  },
  "TC_01_getAllPetTypes" : {
    "transaction" : "TC_01_getAllPetTypes",
    "sampleCount" : 15,
    "errorCount" : 0,
    "errorPct" : 0.0,
    "meanResTime" : 167.13333333333335,
    "medianResTime" : 23.0,
    "minResTime" : 10.0,
    "maxResTime" : 1455.0,
    "pct1ResTime" : 982.2000000000003,
    "pct2ResTime" : 1455.0,
    "pct3ResTime" : 1455.0,
    "throughput" : 0.20735129456324905,
    "receivedKBytesPerSec" : 0.16639401411371146,
    "sentKBytesPerSec" : 0.0362459782488492
  },
  "TC_02_addPetTypes" : {
    "transaction" : "TC_02_addPetTypes",
    "sampleCount" : 9,
    "errorCount" : 0,
    "errorPct" : 0.0,
    "meanResTime" : 207.55555555555554,
    "medianResTime" : 16.0,
    "minResTime" : 9.0,
    "maxResTime" : 1516.0,
    "pct1ResTime" : 1516.0,
    "pct2ResTime" : 1516.0,
    "pct3ResTime" : 1516.0,
    "throughput" : 0.11019013920687586,
    "receivedKBytesPerSec" : 0.08141109568789255,
    "sentKBytesPerSec" : 0.027977965032995822
  }
}