{
  "TC_03_updatePetType" : {
    "transaction" : "TC_03_updatePetType",
    "sampleCount" : 8,
    "errorCount" : 0,
    "errorPct" : 0.0,
    "meanResTime" : 306.5,
    "medianResTime" : 17.0,
    "minResTime" : 15.0,
    "maxResTime" : 2300.0,
    "pct1ResTime" : 2300.0,
    "pct2ResTime" : 2300.0,
    "pct3ResTime" : 2300.0,
    "throughput" : 0.10555064451862309,
    "receivedKBytesPerSec" : 0.04987628722309448,
    "sentKBytesPerSec" : 0.03143842439275395
  },
  "Total" : {
    "transaction" : "Total",
    "sampleCount" : 32,
    "errorCount" : 2,
    "errorPct" : 6.25,
    "meanResTime" : 253.56249999999997,
    "medianResTime" : 17.0,
    "minResTime" : 14.0,
    "maxResTime" : 2300.0,
    "pct1ResTime" : 1697.599999999999,
    "pct2ResTime" : 2272.0499999999997,
    "pct3ResTime" : 2300.0,
    "throughput" : 0.37263898269557727,
    "receivedKBytesPerSec" : 0.22520049360108998,
    "sentKBytesPerSec" : 0.09308014139902648
  },
  "TC_01_getAllPetTypes" : {
    "transaction" : "TC_01_getAllPetTypes",
    "sampleCount" : 15,
    "errorCount" : 1,
    "errorPct" : 6.6666665,
    "meanResTime" : 309.3333333333333,
    "medianResTime" : 17.0,
    "minResTime" : 14.0,
    "maxResTime" : 2257.0,
    "pct1ResTime" : 2146.0,
    "pct2ResTime" : 2257.0,
    "pct3ResTime" : 2257.0,
    "throughput" : 0.20746887966804978,
    "receivedKBytesPerSec" : 0.13836661479944676,
    "sentKBytesPerSec" : 0.042344722510373446
  },
  "TC_02_addPetTypes" : {
    "transaction" : "TC_02_addPetTypes",
    "sampleCount" : 9,
    "errorCount" : 1,
    "errorPct" : 11.111111,
    "meanResTime" : 113.55555555555554,
    "medianResTime" : 17.0,
    "minResTime" : 14.0,
    "maxResTime" : 824.0,
    "pct1ResTime" : 824.0,
    "pct2ResTime" : 824.0,
    "pct3ResTime" : 824.0,
    "throughput" : 0.10908033160420808,
    "receivedKBytesPerSec" : 0.06732301716197217,
    "sentKBytesPerSec" : 0.030891890786347992
  }
}