{
  "TC_03_updatePetType" : {
    "transaction" : "TC_03_updatePetType",
    "sampleCount" : 8,
    "errorCount" : 0,
    "errorPct" : 0.0,
    "meanResTime" : 124.24999999999997,
    "medianResTime" : 17.5,
    "minResTime" : 15.0,
    "maxResTime" : 843.0,
    "pct1ResTime" : 843.0,
    "pct2ResTime" : 843.0,
    "pct3ResTime" : 843.0,
    "throughput" : 0.11067303036591271,
    "receivedKBytesPerSec" : 0.05231029950888843,
    "sentKBytesPerSec" : 0.032964135021097046
  },
  "Total" : {
    "transaction" : "Total",
    "sampleCount" : 32,
    "errorCount" : 0,
    "errorPct" : 0.0,
    "meanResTime" : 242.96875000000017,
    "medianResTime" : 18.0,
    "minResTime" : 14.0,
    "maxResTime" : 2772.0,
    "pct1ResTime" : 892.6999999999999,
    "pct2ResTime" : 2699.85,
    "pct3ResTime" : 2772.0,
    "throughput" : 0.37618291894433664,
    "receivedKBytesPerSec" : 0.2383861789513901,
    "sentKBytesPerSec" : 0.09396536839475696
  },
  "TC_01_getAllPetTypes" : {
    "transaction" : "TC_01_getAllPetTypes",
    "sampleCount" : 15,
    "errorCount" : 0,
    "errorPct" : 0.0,
    "meanResTime" : 254.66666666666663,
    "medianResTime" : 19.0,
    "minResTime" : 14.0,
    "maxResTime" : 2661.0,
    "pct1ResTime" : 1612.8000000000006,
    "pct2ResTime" : 2661.0,
    "pct3ResTime" : 2661.0,
    "throughput" : 0.20349192137072158,
    "receivedKBytesPerSec" : 0.14327897979325221,
    "sentKBytesPerSec" : 0.04153301910789142
  },
  "TC_02_addPetTypes" : {
    "transaction" : "TC_02_addPetTypes",
    "sampleCount" : 9,
    "errorCount" : 0,
    "errorPct" : 0.0,
    "meanResTime" : 329.0,
    "medianResTime" : 18.0,
    "minResTime" : 14.0,
    "maxResTime" : 2772.0,
    "pct1ResTime" : 2772.0,
    "pct2ResTime" : 2772.0,
    "pct3ResTime" : 2772.0,
    "throughput" : 0.10741394949157397,
    "receivedKBytesPerSec" : 0.07084005913734664,
    "sentKBytesPerSec" : 0.030419966164605912
  }
}