{
  "TC_03_updatePetType" : {
    "transaction" : "TC_03_updatePetType",
    "sampleCount" : 8,
    "errorCount" : 0,
    "errorPct" : 0.0,
    "meanResTime" : 25.25,
    "medianResTime" : 13.0,
    "minResTime" : 11.0,
    "maxResTime" : 89.0,
    "pct1ResTime" : 89.0,
    "pct2ResTime" : 89.0,
    "pct3ResTime" : 89.0,
    "throughput" : 0.10789523372805007,
    "receivedKBytesPerSec" : 0.06267986051169315,
    "sentKBytesPerSec" : 0.028975770776575944
  },
  "Total" : {
    "transaction" : "Total",
    "sampleCount" : 32,
    "errorCount" : 0,
    "errorPct" : 0.0,
    "meanResTime" : 71.53124999999999,
    "medianResTime" : 13.0,
    "minResTime" : 9.0,
    "maxResTime" : 856.0,
    "pct1ResTime" : 150.79999999999995,
    "pct2ResTime" : 692.8499999999995,
    "pct3ResTime" : 856.0,
    "throughput" : 0.3764395873281024,
    "receivedKBytesPerSec" : 0.2782973938910913,
    "sentKBytesPerSec" : 0.0830009771254132
  },
  "TC_01_getAllPetTypes" : {
    "transaction" : "TC_01_getAllPetTypes",
    "sampleCount" : 15,
    "errorCount" : 0,
    "errorPct" : 0.0,
    "meanResTime" : 64.59999999999998,
    "medianResTime" : 12.0,
    "minResTime" : 9.0,
    "maxResTime" : 605.0,
    "pct1ResTime" : 309.8000000000002,
    "pct2ResTime" : 605.0,
    "pct3ResTime" : 605.0,
    "throughput" : 0.21169397518946612,
    "receivedKBytesPerSec" : 0.1744683614533497,
    "sentKBytesPerSec" : 0.037005099178627376
  },
  "TC_02_addPetTypes" : {
    "transaction" : "TC_02_addPetTypes",
    "sampleCount" : 9,
    "errorCount" : 0,
    "errorPct" : 0.0,
    "meanResTime" : 124.22222222222223,
    "medianResTime" : 13.0,
    "minResTime" : 11.0,
    "maxResTime" : 856.0,
    "pct1ResTime" : 856.0,
    "pct2ResTime" : 856.0,
    "pct3ResTime" : 856.0,
    "throughput" : 0.11079923179199291,
    "receivedKBytesPerSec" : 0.0818370628046979,
    "sentKBytesPerSec" : 0.0281326174471857
  }
}