{
  "TC_03_updatePetType" : {
    "transaction" : "TC_03_updatePetType",
    "sampleCount" : 8,
    "errorCount" : 0,
    "errorPct" : 0.0,
    "meanResTime" : 7.749999999999999,
    "medianResTime" : 8.0,
    "minResTime" : 7.0,
    "maxResTime" : 9.0,
    "pct1ResTime" : 9.0,
    "pct2ResTime" : 9.0,
    "pct3ResTime" : 9.0,
    "throughput" : 0.10697618442694196,
    "receivedKBytesPerSec" : 0.05053684493802067,
    "sentKBytesPerSec" : 0.03186302368185283
  },
  "Total" : {
    "transaction" : "Total",
    "sampleCount" : 32,
    "errorCount" : 0,
    "errorPct" : 0.0,
    "meanResTime" : 16.78125,
    "medianResTime" : 8.0,
    "minResTime" : 7.0,
    "maxResTime" : 116.0,
    "pct1ResTime" : 23.4,
    "pct2ResTime" : 112.74999999999999,
    "pct3ResTime" : 116.0,
    "throughput" : 0.3769006984441068,
    "receivedKBytesPerSec" : 1.7424641024168757,
    "sentKBytesPerSec" : 0.09414465993545575
  },
  "TC_01_getAllPetTypes" : {
    "transaction" : "TC_01_getAllPetTypes",
    "sampleCount" : 15,
    "errorCount" : 0,
    "errorPct" : 0.0,
    "meanResTime" : 18.599999999999994,
    "medianResTime" : 10.0,
    "minResTime" : 7.0,
    "maxResTime" : 111.0,
    "pct1ResTime" : 57.60000000000003,
    "pct2ResTime" : 111.0,
    "pct3ResTime" : 111.0,
    "throughput" : 0.21365999572680008,
    "receivedKBytesPerSec" : 1.968467902036892,
    "sentKBytesPerSec" : 0.04360833897158322
  },
  "TC_02_addPetTypes" : {
    "transaction" : "TC_02_addPetTypes",
    "sampleCount" : 9,
    "errorCount" : 0,
    "errorPct" : 0.0,
    "meanResTime" : 21.77777777777778,
    "medianResTime" : 8.0,
    "minResTime" : 7.0,
    "maxResTime" : 116.0,
    "pct1ResTime" : 116.0,
    "pct2ResTime" : 116.0,
    "pct3ResTime" : 116.0,
    "throughput" : 0.11220685957934895,
    "receivedKBytesPerSec" : 0.07436626500766746,
    "sentKBytesPerSec" : 0.031777333279307804
  }
}