{
  "TC_03_updatePetType" : {
    "transaction" : "TC_03_updatePetType",
    "sampleCount" : 8,
    "errorCount" : 0,
    "errorPct" : 0.0,
    "meanResTime" : 25.375,
    "medianResTime" : 16.5,
    "minResTime" : 14.0,
    "maxResTime" : 67.0,
    "pct1ResTime" : 67.0,
    "pct2ResTime" : 67.0,
    "pct3ResTime" : 67.0,
    "throughput" : 0.1074012915005303,
    "receivedKBytesPerSec" : 0.05894484943681448,
    "sentKBytesPerSec" : 0.03198964248795092
  },
  "Total" : {
    "transaction" : "Total",
    "sampleCount" : 32,
    "errorCount" : 0,
    "errorPct" : 0.0,
    "meanResTime" : 120.6875,
    "medianResTime" : 17.0,
    "minResTime" : 11.0,
    "maxResTime" : 1293.0,
    "pct1ResTime" : 622.3999999999994,
    "pct2ResTime" : 1165.5999999999997,
    "pct3ResTime" : 1293.0,
    "throughput" : 0.37303863281341076,
    "receivedKBytesPerSec" : 0.26655049281900633,
    "sentKBytesPerSec" : 0.09317996855400901
  },
  "TC_01_getAllPetTypes" : {
    "transaction" : "TC_01_getAllPetTypes",
    "sampleCount" : 15,
    "errorCount" : 0,
    "errorPct" : 0.0,
    "meanResTime" : 92.86666666666667,
    "medianResTime" : 18.0,
    "minResTime" : 11.0,
    "maxResTime" : 1097.0,
    "pct1ResTime" : 483.80000000000035,
    "pct2ResTime" : 1097.0,
    "pct3ResTime" : 1097.0,
    "throughput" : 0.21039638679271747,
    "receivedKBytesPerSec" : 0.16516664270485595,
    "sentKBytesPerSec" : 0.042942231288748
  },
  "TC_02_addPetTypes" : {
    "transaction" : "TC_02_addPetTypes",
    "sampleCount" : 9,
    "errorCount" : 0,
    "errorPct" : 0.0,
    "meanResTime" : 251.77777777777777,
    "medianResTime" : 17.0,
    "minResTime" : 13.0,
    "maxResTime" : 1293.0,
    "pct1ResTime" : 1293.0,
    "pct2ResTime" : 1293.0,
    "pct3ResTime" : 1293.0,
    "throughput" : 0.11042673799415965,
    "receivedKBytesPerSec" : 0.08219698596353464,
    "sentKBytesPerSec" : 0.031273197283502245
  }
}