{
  "TC_03_updatePetType" : {
    "transaction" : "TC_03_updatePetType",
    "sampleCount" : 8,
    "errorCount" : 0,
    "errorPct" : 0.0,
    "meanResTime" : 256.99999999999994,
    "medianResTime" : 17.5,
    "minResTime" : 14.0,
    "maxResTime" : 1914.0,
    "pct1ResTime" : 1914.0,
    "pct2ResTime" : 1914.0,
    "pct3ResTime" : 1914.0,
    "throughput" : 0.1056593805718814,
    "receivedKBytesPerSec" : 0.04992766872482335,
    "sentKBytesPerSec" : 0.03147081159611702
  },
  "Total" : {
    "transaction" : "Total",
    "sampleCount" : 32,
    "errorCount" : 2,
    "errorPct" : 6.25,
    "meanResTime" : 222.12500000000006,
    "medianResTime" : 17.5,
    "minResTime" : 13.0,
    "maxResTime" : 1949.0,
    "pct1ResTime" : 1435.5999999999995,
    "pct2ResTime" : 1926.25,
    "pct3ResTime" : 1949.0,
    "throughput" : 0.37287345607084593,
    "receivedKBytesPerSec" : 0.22535357434164532,
    "sentKBytesPerSec" : 0.09313870965392683
  },
  "TC_02_addPetTypes" : {
    "transaction" : "TC_02_addPetTypes",
    "sampleCount" : 9,
    "errorCount" : 1,
    "errorPct" : 11.111111,
    "meanResTime" : 113.66666666666667,
    "medianResTime" : 16.0,
    "minResTime" : 13.0,
    "maxResTime" : 800.0,
    "pct1ResTime" : 800.0,
    "pct2ResTime" : 800.0,
    "pct3ResTime" : 800.0,
    "throughput" : 0.10954368967489866,
    "receivedKBytesPerSec" : 0.06763276847332611,
    "sentKBytesPerSec" : 0.031023115239961537
  },
  "TC_01_getAllPetTypes" : {
    "transaction" : "TC_01_getAllPetTypes",
    "sampleCount" : 15,
    "errorCount" : 1,
    "errorPct" : 6.6666665,
    "meanResTime" : 268.6,
    "medianResTime" : 19.0,
    "minResTime" : 13.0,
    "maxResTime" : 1949.0,
    "pct1ResTime" : 1804.4,
    "pct2ResTime" : 1949.0,
    "pct3ResTime" : 1949.0,
    "throughput" : 0.20836806134355726,
    "receivedKBytesPerSec" : 0.138952737782686,
    "sentKBytesPerSec" : 0.04252824689531589
  }
}