{
  "TC_03_updatePetType" : {
    "transaction" : "TC_03_updatePetType",
    "sampleCount" : 8,
    "errorCount" : 0,
    "errorPct" : 0.0,
    "meanResTime" : 51.75000000000001,
    "medianResTime" : 27.0,
    "minResTime" : 13.0,
    "maxResTime" : 238.0,
    "pct1ResTime" : 238.0,
    "pct2ResTime" : 238.0,
    "pct3ResTime" : 238.0,
    "throughput" : 0.10844369738786244,
    "receivedKBytesPerSec" : 0.05929190925295848,
    "sentKBytesPerSec" : 0.032300124710251996
  },
  "Total" : {
    "transaction" : "Total",
    "sampleCount" : 32,
    "errorCount" : 0,
    "errorPct" : 0.0,
    "meanResTime" : 91.56249999999999,
    "medianResTime" : 16.0,
    "minResTime" : 10.0,
    "maxResTime" : 1243.0,
    "pct1ResTime" : 191.7999999999999,
    "pct2ResTime" : 987.5499999999992,
    "pct3ResTime" : 1243.0,
    "throughput" : 0.37639088193088527,
    "receivedKBytesPerSec" : 0.26506335423086874,
    "sentKBytesPerSec" : 0.09401731471570726
  },
  "TC_01_getAllPetTypes" : {
    "transaction" : "TC_01_getAllPetTypes",
    "sampleCount" : 15,
    "errorCount" : 0,
    "errorPct" : 0.0,
    "meanResTime" : 76.46666666666668,
    "medianResTime" : 16.0,
    "minResTime" : 13.0,
    "maxResTime" : 850.0,
    "pct1ResTime" : 390.40000000000026,
    "pct2ResTime" : 850.0,
    "pct3ResTime" : 850.0,
    "throughput" : 0.21109516169889386,
    "receivedKBytesPerSec" : 0.16266421444453824,
    "sentKBytesPerSec" : 0.04308485233893439
  },
  "TC_02_addPetTypes" : {
    "transaction" : "TC_02_addPetTypes",
    "sampleCount" : 9,
    "errorCount" : 0,
    "errorPct" : 0.0,
    "meanResTime" : 152.11111111111111,
    "medianResTime" : 15.0,
    "minResTime" : 10.0,
    "maxResTime" : 1243.0,
    "pct1ResTime" : 1243.0,
    "pct2ResTime" : 1243.0,
    "pct3ResTime" : 1243.0,
    "throughput" : 0.11024142872891633,
    "receivedKBytesPerSec" : 0.08087481549871998,
    "sentKBytesPerSec" : 0.031220717120493884
  }
}