{
  "TC_03_updatePetType" : {
    "transaction" : "TC_03_updatePetType",
    "sampleCount" : 8,
    "errorCount" : 0,
    "errorPct" : 0.0,
    "meanResTime" : 41.37499999999999,
    "medianResTime" : 13.0,
    "minResTime" : 13.0,
    "maxResTime" : 207.0,
    "pct1ResTime" : 207.0,
    "pct2ResTime" : 207.0,
    "pct3ResTime" : 207.0,
    "throughput" : 0.10773250020199844,
    "receivedKBytesPerSec" : 0.06258532329849983,
    "sentKBytesPerSec" : 0.02893206792534138
  },
  "Total" : {
    "transaction" : "Total",
    "sampleCount" : 32,
    "errorCount" : 0,
    "errorPct" : 0.0,
    "meanResTime" : 91.53124999999997,
    "medianResTime" : 13.0,
    "minResTime" : 9.0,
    "maxResTime" : 813.0,
    "pct1ResTime" : 465.2999999999997,
    "pct2ResTime" : 788.9499999999999,
    "pct3ResTime" : 813.0,
    "throughput" : 0.3761475438740846,
    "receivedKBytesPerSec" : 0.27556756403324206,
    "sentKBytesPerSec" : 0.08293658460968815
  },
  "TC_01_getAllPetTypes" : {
    "transaction" : "TC_01_getAllPetTypes",
    "sampleCount" : 15,
    "errorCount" : 0,
    "errorPct" : 0.0,
    "meanResTime" : 111.66666666666664,
    "medianResTime" : 14.0,
    "minResTime" : 9.0,
    "maxResTime" : 776.0,
    "pct1ResTime" : 656.0000000000001,
    "pct2ResTime" : 776.0,
    "pct3ResTime" : 776.0,
    "throughput" : 0.21161334010496022,
    "receivedKBytesPerSec" : 0.17135720860843068,
    "sentKBytesPerSec" : 0.036991003787878785
  },
  "TC_02_addPetTypes" : {
    "transaction" : "TC_02_addPetTypes",
    "sampleCount" : 9,
    "errorCount" : 0,
    "errorPct" : 0.0,
    "meanResTime" : 102.55555555555556,
    "medianResTime" : 13.0,
    "minResTime" : 10.0,
    "maxResTime" : 813.0,
    "pct1ResTime" : 813.0,
    "pct2ResTime" : 813.0,
    "pct3ResTime" : 813.0,
    "throughput" : 0.11094811326569608,
    "receivedKBytesPerSec" : 0.08197110495075137,
    "sentKBytesPerSec" : 0.028170419383868144
  }
}