{
  "TC_03_updatePetType" : {
    "transaction" : "TC_03_updatePetType",
    "sampleCount" : 8,
    "errorCount" : 0,
    "errorPct" : 0.0,
    "meanResTime" : 25.625,
    "medianResTime" : 17.5,
    "minResTime" : 15.0,
    "maxResTime" : 59.0,
    "pct1ResTime" : 59.0,
    "pct2ResTime" : 59.0,
    "pct3ResTime" : 59.0,
    "throughput" : 0.1082280364728483,
    "receivedKBytesPerSec" : 0.05939859032982494,
    "sentKBytesPerSec" : 0.03223588976974485
  },
  "Total" : {
    "transaction" : "Total",
    "sampleCount" : 32,
    "errorCount" : 0,
    "errorPct" : 0.0,
    "meanResTime" : 89.28125000000001,
    "medianResTime" : 17.0,
    "minResTime" : 12.0,
    "maxResTime" : 1119.0,
    "pct1ResTime" : 191.29999999999987,
    "pct2ResTime" : 948.6999999999995,
    "pct3ResTime" : 1119.0,
    "throughput" : 0.3762758101688538,
    "receivedKBytesPerSec" : 0.26624545088424817,
    "sentKBytesPerSec" : 0.09398857135717982
  },
  "TC_01_getAllPetTypes" : {
    "transaction" : "TC_01_getAllPetTypes",
    "sampleCount" : 15,
    "errorCount" : 0,
    "errorPct" : 0.0,
    "meanResTime" : 78.39999999999999,
    "medianResTime" : 17.0,
    "minResTime" : 12.0,
    "maxResTime" : 857.0,
    "pct1ResTime" : 374.6000000000003,
    "pct2ResTime" : 857.0,
    "pct3ResTime" : 857.0,
    "throughput" : 0.21107139841837166,
    "receivedKBytesPerSec" : 0.163649041911744,
    "sentKBytesPerSec" : 0.043080002216249684
  },
  "TC_02_addPetTypes" : {
    "transaction" : "TC_02_addPetTypes",
    "sampleCount" : 9,
    "errorCount" : 0,
    "errorPct" : 0.0,
    "meanResTime" : 164.0,
    "medianResTime" : 17.0,
    "minResTime" : 12.0,
    "maxResTime" : 1119.0,
    "pct1ResTime" : 1119.0,
    "pct2ResTime" : 1119.0,
    "pct3ResTime" : 1119.0,
    "throughput" : 0.11041048163505655,
    "receivedKBytesPerSec" : 0.08123844140270384,
    "sentKBytesPerSec" : 0.031268593431803125
  }
}