{
  "TC_03_updatePetType" : {
    "transaction" : "TC_03_updatePetType",
    "sampleCount" : 8,
    "errorCount" : 0,
    "errorPct" : 0.0,
    "meanResTime" : 11.625,
    "medianResTime" : 8.0,
    "minResTime" : 7.0,
    "maxResTime" : 38.0,
    "pct1ResTime" : 38.0,
    "pct2ResTime" : 38.0,
    "pct3ResTime" : 38.0,
    "throughput" : 0.10705921712947473,
    "receivedKBytesPerSec" : 0.0505891393442623,
    "sentKBytesPerSec" : 0.03188775510204082
  },
  "Total" : {
    "transaction" : "Total",
    "sampleCount" : 32,
    "errorCount" : 0,
    "errorPct" : 0.0,
    "meanResTime" : 21.125000000000004,
    "medianResTime" : 8.0,
    "minResTime" : 6.0,
    "maxResTime" : 165.0,
    "pct1ResTime" : 49.19999999999999,
    "pct2ResTime" : 160.45,
    "pct3ResTime" : 165.0,
    "throughput" : 0.376909577036784,
    "receivedKBytesPerSec" : 1.5879938472456157,
    "sentKBytesPerSec" : 0.09414687768695304
  },
  "TC_01_getAllPetTypes" : {
    "transaction" : "TC_01_getAllPetTypes",
    "sampleCount" : 15,
    "errorCount" : 0,
    "errorPct" : 0.0,
    "meanResTime" : 20.066666666666663,
    "medianResTime" : 8.0,
    "minResTime" : 6.0,
    "maxResTime" : 158.0,
    "pct1ResTime" : 84.20000000000005,
    "pct2ResTime" : 158.0,
    "pct3ResTime" : 158.0,
    "throughput" : 0.21341073029151905,
    "receivedKBytesPerSec" : 1.7795064787940869,
    "sentKBytesPerSec" : 0.043557463506765114
  },
  "TC_02_addPetTypes" : {
    "transaction" : "TC_02_addPetTypes",
    "sampleCount" : 9,
    "errorCount" : 0,
    "errorPct" : 0.0,
    "meanResTime" : 31.333333333333332,
    "medianResTime" : 8.0,
    "minResTime" : 8.0,
    "maxResTime" : 165.0,
    "pct1ResTime" : 165.0,
    "pct2ResTime" : 165.0,
    "pct3ResTime" : 165.0,
    "throughput" : 0.11207272274453646,
    "receivedKBytesPerSec" : 0.07428952509183737,
    "sentKBytesPerSec" : 0.031739345308511295
  }
}