{
  "TC_03_updatePetType" : {
    "transaction" : "TC_03_updatePetType",
    "sampleCount" : 8,
    "errorCount" : 0,
    "errorPct" : 0.0,
    "meanResTime" : 30.750000000000004,
    "medianResTime" : 17.5,
    "minResTime" : 14.0,
    "maxResTime" : 66.0,
    "pct1ResTime" : 66.0,
    "pct2ResTime" : 66.0,
    "pct3ResTime" : 66.0,
    "throughput" : 0.1076223531627519,
    "receivedKBytesPerSec" : 0.05085524036779939,
    "sentKBytesPerSec" : 0.03205548604945247
  },
  "Total" : {
    "transaction" : "Total",
    "sampleCount" : 32,
    "errorCount" : 0,
    "errorPct" : 0.0,
    "meanResTime" : 89.90624999999999,
    "medianResTime" : 17.0,
    "minResTime" : 12.0,
    "maxResTime" : 1194.0,
    "pct1ResTime" : 145.0999999999999,
    "pct2ResTime" : 972.3499999999992,
    "pct3ResTime" : 1194.0,
    "throughput" : 0.3756088972357533,
    "receivedKBytesPerSec" : 0.23707102089324492,
    "sentKBytesPerSec" : 0.09382198559187746
  },
  "TC_02_addPetTypes" : {
    "transaction" : "TC_02_addPetTypes",
    "sampleCount" : 9,
    "errorCount" : 0,
    "errorPct" : 0.0,
    "meanResTime" : 130.11111111111111,
    "medianResTime" : 19.0,
    "minResTime" : 14.0,
    "maxResTime" : 853.0,
    "pct1ResTime" : 853.0,
    "pct2ResTime" : 853.0,
    "pct3ResTime" : 853.0,
    "throughput" : 0.11095084877399312,
    "receivedKBytesPerSec" : 0.07319674051062046,
    "sentKBytesPerSec" : 0.03142162709419727
  },
  "TC_01_getAllPetTypes" : {
    "transaction" : "TC_01_getAllPetTypes",
    "sampleCount" : 15,
    "errorCount" : 0,
    "errorPct" : 0.0,
    "meanResTime" : 97.33333333333333,
    "medianResTime" : 16.0,
    "minResTime" : 12.0,
    "maxResTime" : 1194.0,
    "pct1ResTime" : 503.40000000000043,
    "pct2ResTime" : 1194.0,
    "pct3ResTime" : 1194.0,
    "throughput" : 0.21018412129025024,
    "receivedKBytesPerSec" : 0.14684152379984866,
    "sentKBytesPerSec" : 0.042898907568029596
  }
}