{
  "TC_03_updatePetType" : {
    "transaction" : "TC_03_updatePetType",
    "sampleCount" : 8,
    "errorCount" : 0,
    "errorPct" : 0.0,
    "meanResTime" : 26.375,
    "medianResTime" : 16.5,
    "minResTime" : 12.0,
    "maxResTime" : 71.0,
    "pct1ResTime" : 71.0,
    "pct2ResTime" : 71.0,
    "pct3ResTime" : 71.0,
    "throughput" : 0.10693757519048257,
    "receivedKBytesPerSec" : 0.050531659370405026,
    "sentKBytesPerSec" : 0.031851523860446464
  },
  "Total" : {
    "transaction" : "Total",
    "sampleCount" : 32,
    "errorCount" : 0,
    "errorPct" : 0.0,
    "meanResTime" : 32.03125000000001,
    "medianResTime" : 17.0,
    "minResTime" : 12.0,
    "maxResTime" : 193.0,
    "pct1ResTime" : 68.6,
    "pct2ResTime" : 173.49999999999994,
    "pct3ResTime" : 193.0,
    "throughput" : 0.37655919039774066,
    "receivedKBytesPerSec" : 0.2588614600494234,
    "sentKBytesPerSec" : 0.0940593558778536
  },
  "TC_02_addPetTypes" : {
    "transaction" : "TC_02_addPetTypes",
    "sampleCount" : 9,
    "errorCount" : 0,
    "errorPct" : 0.0,
    "meanResTime" : 33.55555555555556,
    "medianResTime" : 16.0,
    "minResTime" : 12.0,
    "maxResTime" : 163.0,
    "pct1ResTime" : 163.0,
    "pct2ResTime" : 163.0,
    "pct3ResTime" : 163.0,
    "throughput" : 0.11192220163406415,
    "receivedKBytesPerSec" : 0.07398329561140612,
    "sentKBytesPerSec" : 0.031696717259647074
  },
  "TC_01_getAllPetTypes" : {
    "transaction" : "TC_01_getAllPetTypes",
    "sampleCount" : 15,
    "errorCount" : 0,
    "errorPct" : 0.0,
    "meanResTime" : 34.13333333333333,
    "medianResTime" : 20.0,
    "minResTime" : 13.0,
    "maxResTime" : 193.0,
    "pct1ResTime" : 115.00000000000004,
    "pct2ResTime" : 193.0,
    "pct3ResTime" : 193.0,
    "throughput" : 0.21312570153876756,
    "receivedKBytesPerSec" : 0.17431628830934484,
    "sentKBytesPerSec" : 0.043499288692971115
  }
}