{
  "TC_03_updatePetType" : {
    "transaction" : "TC_03_updatePetType",
    "sampleCount" : 8,
    "errorCount" : 0,
    "errorPct" : 0.0,
    "meanResTime" : 177.62499999999997,
    "medianResTime" : 18.5,
    "minResTime" : 16.0,
    "maxResTime" : 1273.0,
    "pct1ResTime" : 1273.0,
    "pct2ResTime" : 1273.0,
    "pct3ResTime" : 1273.0,
    "throughput" : 0.10682476732230367,
    "receivedKBytesPerSec" : 0.0504913939296826,
    "sentKBytesPerSec" : 0.03181792386064709
  },
  "Total" : {
    "transaction" : "Total",
    "sampleCount" : 32,
    "errorCount" : 2,
    "errorPct" : 6.25,
    "meanResTime" : 152.18749999999997,
    "medianResTime" : 18.5,
    "minResTime" : 14.0,
    "maxResTime" : 1425.0,
    "pct1ResTime" : 930.3999999999993,
    "pct2ResTime" : 1326.1999999999996,
    "pct3ResTime" : 1425.0,
    "throughput" : 0.3764838759015024,
    "receivedKBytesPerSec" : 0.2273173060519783,
    "sentKBytesPerSec" : 0.09404054334270621
  },
  "TC_01_getAllPetTypes" : {
    "transaction" : "TC_01_getAllPetTypes",
    "sampleCount" : 15,
    "errorCount" : 1,
    "errorPct" : 6.6666665,
    "meanResTime" : 199.20000000000005,
    "medianResTime" : 17.0,
    "minResTime" : 14.0,
    "maxResTime" : 1425.0,
    "pct1ResTime" : 1317.6000000000001,
    "pct2ResTime" : 1425.0,
    "pct3ResTime" : 1425.0,
    "throughput" : 0.20987239758226997,
    "receivedKBytesPerSec" : 0.1397099782082494,
    "sentKBytesPerSec" : 0.04283528427216253
  },
  "TC_02_addPetTypes" : {
    "transaction" : "TC_02_addPetTypes",
    "sampleCount" : 9,
    "errorCount" : 1,
    "errorPct" : 11.111111,
    "meanResTime" : 51.22222222222222,
    "medianResTime" : 22.0,
    "minResTime" : 15.0,
    "maxResTime" : 194.0,
    "pct1ResTime" : 194.0,
    "pct2ResTime" : 194.0,
    "pct3ResTime" : 194.0,
    "throughput" : 0.11013620176952164,
    "receivedKBytesPerSec" : 0.06797468702962664,
    "sentKBytesPerSec" : 0.031190916516759058
  }
}