{
  "TC_03_updatePetType" : {
    "transaction" : "TC_03_updatePetType",
    "sampleCount" : 8,
    "errorCount" : 0,
    "errorPct" : 0.0,
    "meanResTime" : 26.625000000000004,
    "medianResTime" : 20.0,
    "minResTime" : 15.0,
    "maxResTime" : 53.0,
    "pct1ResTime" : 53.0,
    "pct2ResTime" : 53.0,
    "pct3ResTime" : 53.0,
    "throughput" : 0.10711512197734516,
    "receivedKBytesPerSec" : 0.05856550675494737,
    "sentKBytesPerSec" : 0.03190440644833034
  },
  "Total" : {
    "transaction" : "Total",
    "sampleCount" : 32,
    "errorCount" : 0,
    "errorPct" : 0.0,
    "meanResTime" : 92.40624999999999,
    "medianResTime" : 19.5,
    "minResTime" : 12.0,
    "maxResTime" : 1291.0,
    "pct1ResTime" : 235.29999999999984,
    "pct2ResTime" : 863.9499999999986,
    "pct3ResTime" : 1291.0,
    "throughput" : 0.37499267592429836,
    "receivedKBytesPerSec" : 0.2673058753735279,
    "sentKBytesPerSec" : 0.09366806190308784
  },
  "TC_02_addPetTypes" : {
    "transaction" : "TC_02_addPetTypes",
    "sampleCount" : 9,
    "errorCount" : 0,
    "errorPct" : 0.0,
    "meanResTime" : 116.66666666666667,
    "medianResTime" : 16.0,
    "minResTime" : 12.0,
    "maxResTime" : 634.0,
    "pct1ResTime" : 634.0,
    "pct2ResTime" : 634.0,
    "pct3ResTime" : 634.0,
    "throughput" : 0.11131450056894078,
    "receivedKBytesPerSec" : 0.0816861943736704,
    "sentKBytesPerSec" : 0.03152461441893831
  },
  "TC_01_getAllPetTypes" : {
    "transaction" : "TC_01_getAllPetTypes",
    "sampleCount" : 15,
    "errorCount" : 0,
    "errorPct" : 0.0,
    "meanResTime" : 112.93333333333331,
    "medianResTime" : 20.0,
    "minResTime" : 14.0,
    "maxResTime" : 1291.0,
    "pct1ResTime" : 569.8000000000004,
    "pct2ResTime" : 1291.0,
    "pct3ResTime" : 1291.0,
    "throughput" : 0.20985771646823453,
    "receivedKBytesPerSec" : 0.16553620395371937,
    "sentKBytesPerSec" : 0.042832287833848647
  }
}