{
  "TC_03_updatePetType" : {
    "transaction" : "TC_03_updatePetType",
    "sampleCount" : 8,
    "errorCount" : 0,
    "errorPct" : 0.0,
    "meanResTime" : 206.87500000000003,
    "medianResTime" : 21.0,
    "minResTime" : 15.0,
    "maxResTime" : 1476.0,
    "pct1ResTime" : 1476.0,
    "pct2ResTime" : 1476.0,
    "pct3ResTime" : 1476.0,
    "throughput" : 0.10645517571757442,
    "receivedKBytesPerSec" : 0.0503037091311927,
    "sentKBytesPerSec" : 0.0317078404236916
  },
  "Total" : {
    "transaction" : "Total",
    "sampleCount" : 32,
    "errorCount" : 2,
    "errorPct" : 6.25,
    "meanResTime" : 164.5,
    "medianResTime" : 19.5,
    "minResTime" : 15.0,
    "maxResTime" : 1664.0,
    "pct1ResTime" : 905.0999999999993,
    "pct2ResTime" : 1541.7999999999995,
    "pct3ResTime" : 1664.0,
    "throughput" : 0.3754017972361043,
    "receivedKBytesPerSec" : 0.2264921121630182,
    "sentKBytesPerSec" : 0.09377025483329814
  },
  "TC_01_getAllPetTypes" : {
    "transaction" : "TC_01_getAllPetTypes",
    "sampleCount" : 15,
    "errorCount" : 1,
    "errorPct" : 6.6666665,
    "meanResTime" : 210.86666666666665,
    "medianResTime" : 19.0,
    "minResTime" : 15.0,
    "maxResTime" : 1664.0,
    "pct1ResTime" : 1385.6000000000001,
    "pct2ResTime" : 1664.0,
    "pct3ResTime" : 1664.0,
    "throughput" : 0.20936854446987885,
    "receivedKBytesPerSec" : 0.139197368237396,
    "sentKBytesPerSec" : 0.042732447064653005
  },
  "TC_02_addPetTypes" : {
    "transaction" : "TC_02_addPetTypes",
    "sampleCount" : 9,
    "errorCount" : 1,
    "errorPct" : 11.111111,
    "meanResTime" : 49.555555555555564,
    "medianResTime" : 18.0,
    "minResTime" : 16.0,
    "maxResTime" : 217.0,
    "pct1ResTime" : 217.0,
    "pct2ResTime" : 217.0,
    "pct3ResTime" : 217.0,
    "throughput" : 0.1100715465052284,
    "receivedKBytesPerSec" : 0.0679228390815141,
    "sentKBytesPerSec" : 0.03117260594386351
  }
}