{
  "TC_03_updatePetType" : {
    "transaction" : "TC_03_updatePetType",
    "sampleCount" : 8,
    "errorCount" : 0,
    "errorPct" : 0.0,
    "meanResTime" : 34.0,
    "medianResTime" : 21.0,
    "minResTime" : 18.0,
    "maxResTime" : 99.0,
    "pct1ResTime" : 99.0,
    "pct2ResTime" : 99.0,
    "pct3ResTime" : 99.0,
    "throughput" : 0.10828810049135724,
    "receivedKBytesPerSec" : 0.059220054956211,
    "sentKBytesPerSec" : 0.03225377993150778
  },
  "Total" : {
    "transaction" : "Total",
    "sampleCount" : 32,
    "errorCount" : 0,
    "errorPct" : 0.0,
    "meanResTime" : 102.56249999999999,
    "medianResTime" : 20.0,
    "minResTime" : 12.0,
    "maxResTime" : 1430.0,
    "pct1ResTime" : 231.29999999999987,
    "pct2ResTime" : 1065.9999999999989,
    "pct3ResTime" : 1430.0,
    "throughput" : 0.3751025671081937,
    "receivedKBytesPerSec" : 0.26470555913726407,
    "sentKBytesPerSec" : 0.09369551122377212
  },
  "TC_01_getAllPetTypes" : {
    "transaction" : "TC_01_getAllPetTypes",
    "sampleCount" : 15,
    "errorCount" : 0,
    "errorPct" : 0.0,
    "meanResTime" : 76.99999999999997,
    "medianResTime" : 17.0,
    "minResTime" : 14.0,
    "maxResTime" : 870.0,
    "pct1ResTime" : 372.6000000000003,
    "pct2ResTime" : 870.0,
    "pct3ResTime" : 870.0,
    "throughput" : 0.21109516169889386,
    "receivedKBytesPerSec" : 0.16328265730107797,
    "sentKBytesPerSec" : 0.04308485233893439
  },
  "TC_02_addPetTypes" : {
    "transaction" : "TC_02_addPetTypes",
    "sampleCount" : 9,
    "errorCount" : 0,
    "errorPct" : 0.0,
    "meanResTime" : 206.11111111111111,
    "medianResTime" : 22.0,
    "minResTime" : 12.0,
    "maxResTime" : 1430.0,
    "pct1ResTime" : 1430.0,
    "pct2ResTime" : 1430.0,
    "pct3ResTime" : 1430.0,
    "throughput" : 0.11016586082379583,
    "receivedKBytesPerSec" : 0.08084328523777466,
    "sentKBytesPerSec" : 0.031199316053614055
  }
}