{
  "TC_03_updatePetType" : {
    "transaction" : "TC_03_updatePetType",
    "sampleCount" : 8,
    "errorCount" : 0,
    "errorPct" : 0.0,
    "meanResTime" : 49.875,
    "medianResTime" : 16.5,
    "minResTime" : 13.0,
    "maxResTime" : 261.0,
    "pct1ResTime" : 261.0,
    "pct2ResTime" : 261.0,
    "pct3ResTime" : 261.0,
    "throughput" : 0.10854227721697601,
    "receivedKBytesPerSec" : 0.05128993592613699,
    "sentKBytesPerSec" : 0.03232948686638446
  },
  "Total" : {
    "transaction" : "Total",
    "sampleCount" : 32,
    "errorCount" : 0,
    "errorPct" : 0.0,
    "meanResTime" : 88.84375,
    "medianResTime" : 17.0,
    "minResTime" : 12.0,
    "maxResTime" : 1298.0,
    "pct1ResTime" : 205.79999999999987,
    "pct2ResTime" : 909.9499999999987,
    "pct3ResTime" : 1298.0,
    "throughput" : 0.3764395873281024,
    "receivedKBytesPerSec" : 0.23771020327737713,
    "sentKBytesPerSec" : 0.09402948066041619
  },
  "TC_01_getAllPetTypes" : {
    "transaction" : "TC_01_getAllPetTypes",
    "sampleCount" : 15,
    "errorCount" : 0,
    "errorPct" : 0.0,
    "meanResTime" : 65.66666666666667,
    "medianResTime" : 16.0,
    "minResTime" : 12.0,
    "maxResTime" : 701.0,
    "pct1ResTime" : 326.60000000000025,
    "pct2ResTime" : 701.0,
    "pct3ResTime" : 701.0,
    "throughput" : 0.21155961750021154,
    "receivedKBytesPerSec" : 0.14794022471157373,
    "sentKBytesPerSec" : 0.04317964849369552
  },
  "TC_02_addPetTypes" : {
    "transaction" : "TC_02_addPetTypes",
    "sampleCount" : 9,
    "errorCount" : 0,
    "errorPct" : 0.0,
    "meanResTime" : 162.11111111111114,
    "medianResTime" : 17.0,
    "minResTime" : 14.0,
    "maxResTime" : 1298.0,
    "pct1ResTime" : 1298.0,
    "pct2ResTime" : 1298.0,
    "pct3ResTime" : 1298.0,
    "throughput" : 0.11014833308855926,
    "receivedKBytesPerSec" : 0.07266730307925785,
    "sentKBytesPerSec" : 0.031194352144220883
  }
}