{
  "TC_03_updatePetType" : {
    "transaction" : "TC_03_updatePetType",
    "sampleCount" : 8,
    "errorCount" : 0,
    "errorPct" : 0.0,
    "meanResTime" : 43.37499999999999,
    "medianResTime" : 16.0,
    "minResTime" : 13.0,
    "maxResTime" : 211.0,
    "pct1ResTime" : 211.0,
    "pct2ResTime" : 211.0,
    "pct3ResTime" : 211.0,
    "throughput" : 0.1081475673556568,
    "receivedKBytesPerSec" : 0.05111662363294716,
    "sentKBytesPerSec" : 0.03221192191745637
  },
  "Total" : {
    "transaction" : "Total",
    "sampleCount" : 32,
    "errorCount" : 0,
    "errorPct" : 0.0,
    "meanResTime" : 105.84374999999997,
    "medianResTime" : 16.0,
    "minResTime" : 12.0,
    "maxResTime" : 1064.0,
    "pct1ResTime" : 486.09999999999974,
    "pct2ResTime" : 1010.0499999999998,
    "pct3ResTime" : 1064.0,
    "throughput" : 0.37630235894541264,
    "receivedKBytesPerSec" : 0.23776135374773633,
    "sentKBytesPerSec" : 0.093995202879889
  },
  "TC_01_getAllPetTypes" : {
    "transaction" : "TC_01_getAllPetTypes",
    "sampleCount" : 15,
    "errorCount" : 0,
    "errorPct" : 0.0,
    "meanResTime" : 122.39999999999996,
    "medianResTime" : 17.0,
    "minResTime" : 12.0,
    "maxResTime" : 981.0,
    "pct1ResTime" : 754.8000000000002,
    "pct2ResTime" : 981.0,
    "pct3ResTime" : 981.0,
    "throughput" : 0.21096749694097128,
    "receivedKBytesPerSec" : 0.14764977813251573,
    "sentKBytesPerSec" : 0.04305879576236621
  },
  "TC_02_addPetTypes" : {
    "transaction" : "TC_02_addPetTypes",
    "sampleCount" : 9,
    "errorCount" : 0,
    "errorPct" : 0.0,
    "meanResTime" : 133.77777777777777,
    "medianResTime" : 16.0,
    "minResTime" : 14.0,
    "maxResTime" : 1064.0,
    "pct1ResTime" : 1064.0,
    "pct2ResTime" : 1064.0,
    "pct3ResTime" : 1064.0,
    "throughput" : 0.11055288727290594,
    "receivedKBytesPerSec" : 0.07295818797675932,
    "sentKBytesPerSec" : 0.03130892315345969
  }
}