{
  "TC_03_updatePetType" : {
    "transaction" : "TC_03_updatePetType",
    "sampleCount" : 8,
    "errorCount" : 0,
    "errorPct" : 0.0,
    "meanResTime" : 29.0,
    "medianResTime" : 23.0,
    "minResTime" : 13.0,
    "maxResTime" : 69.0,
    "pct1ResTime" : 69.0,
    "pct2ResTime" : 69.0,
    "pct3ResTime" : 69.0,
    "throughput" : 0.10995807848257852,
    "receivedKBytesPerSec" : 0.051958950415778984,
    "sentKBytesPerSec" : 0.03275118548553364
  },
  "Total" : {
    "transaction" : "Total",
    "sampleCount" : 32,
    "errorCount" : 0,
    "errorPct" : 0.0,
    "meanResTime" : 182.18749999999997,
    "medianResTime" : 19.0,
    "minResTime" : 12.0,
    "maxResTime" : 2448.0,
    "pct1ResTime" : 229.7,
    "pct2ResTime" : 2367.3999999999996,
    "pct3ResTime" : 2448.0,
    "throughput" : 0.37556922210224875,
    "receivedKBytesPerSec" : 0.23846720077695885,
    "sentKBytesPerSec" : 0.09381207528402423
  },
  "TC_01_getAllPetTypes" : {
    "transaction" : "TC_01_getAllPetTypes",
    "sampleCount" : 15,
    "errorCount" : 0,
    "errorPct" : 0.0,
    "meanResTime" : 185.9333333333333,
    "medianResTime" : 18.0,
    "minResTime" : 13.0,
    "maxResTime" : 2324.0,
    "pct1ResTime" : 1067.000000000001,
    "pct2ResTime" : 2324.0,
    "pct3ResTime" : 2324.0,
    "throughput" : 0.20695649774417416,
    "receivedKBytesPerSec" : 0.14624386891375432,
    "sentKBytesPerSec" : 0.04224014455911367
  },
  "TC_02_addPetTypes" : {
    "transaction" : "TC_02_addPetTypes",
    "sampleCount" : 9,
    "errorCount" : 0,
    "errorPct" : 0.0,
    "meanResTime" : 312.1111111111111,
    "medianResTime" : 19.0,
    "minResTime" : 12.0,
    "maxResTime" : 2448.0,
    "pct1ResTime" : 2448.0,
    "pct2ResTime" : 2448.0,
    "pct3ResTime" : 2448.0,
    "throughput" : 0.108857360571864,
    "receivedKBytesPerSec" : 0.07182743160129176,
    "sentKBytesPerSec" : 0.03082874469320367
  }
}