{
  "TC_03_updatePetType" : {
    "transaction" : "TC_03_updatePetType",
    "sampleCount" : 8,
    "errorCount" : 0,
    "errorPct" : 0.0,
    "meanResTime" : 175.5,
    "medianResTime" : 17.0,
    "minResTime" : 15.0,
    "maxResTime" : 1248.0,
    "pct1ResTime" : 1248.0,
    "pct2ResTime" : 1248.0,
    "pct3ResTime" : 1248.0,
    "throughput" : 0.10679196924391286,
    "receivedKBytesPerSec" : 0.050475891712943186,
    "sentKBytesPerSec" : 0.03180815490175139
  },
  "Total" : {
    "transaction" : "Total",
    "sampleCount" : 32,
    "errorCount" : 2,
    "errorPct" : 6.25,
    "meanResTime" : 134.8125,
    "medianResTime" : 17.0,
    "minResTime" : 13.0,
    "maxResTime" : 1248.0,
    "pct1ResTime" : 694.8999999999995,
    "pct2ResTime" : 1205.1,
    "pct3ResTime" : 1248.0,
    "throughput" : 0.37638202775817453,
    "receivedKBytesPerSec" : 0.22761188543872032,
    "sentKBytesPerSec" : 0.09401510306398494
  },
  "TC_01_getAllPetTypes" : {
    "transaction" : "TC_01_getAllPetTypes",
    "sampleCount" : 15,
    "errorCount" : 1,
    "errorPct" : 6.6666665,
    "meanResTime" : 164.60000000000002,
    "medianResTime" : 19.0,
    "minResTime" : 13.0,
    "maxResTime" : 1182.0,
    "pct1ResTime" : 1017.0000000000001,
    "pct2ResTime" : 1182.0,
    "pct3ResTime" : 1182.0,
    "throughput" : 0.2107570392851121,
    "receivedKBytesPerSec" : 0.14072423143933008,
    "sentKBytesPerSec" : 0.04301584102596527
  },
  "TC_02_addPetTypes" : {
    "transaction" : "TC_02_addPetTypes",
    "sampleCount" : 9,
    "errorCount" : 1,
    "errorPct" : 11.111111,
    "meanResTime" : 49.0,
    "medianResTime" : 17.0,
    "minResTime" : 13.0,
    "maxResTime" : 200.0,
    "pct1ResTime" : 200.0,
    "pct2ResTime" : 200.0,
    "pct3ResTime" : 200.0,
    "throughput" : 0.11017260374586853,
    "receivedKBytesPerSec" : 0.06799715387440323,
    "sentKBytesPerSec" : 0.031201225670216673
  }
}