{
  "TC_03_updatePetType" : {
    "transaction" : "TC_03_updatePetType",
    "sampleCount" : 8,
    "errorCount" : 0,
    "errorPct" : 0.0,
    "meanResTime" : 107.625,
    "medianResTime" : 14.0,
    "minResTime" : 12.0,
    "maxResTime" : 731.0,
    "pct1ResTime" : 731.0,
    "pct2ResTime" : 731.0,
    "pct3ResTime" : 731.0,
    "throughput" : 0.10795055864414098,
    "receivedKBytesPerSec" : 0.06271200055999351,
    "sentKBytesPerSec" : 0.028990628542127705
  },
  "Total" : {
    "transaction" : "Total",
    "sampleCount" : 32,
    "errorCount" : 0,
    "errorPct" : 0.0,
    "meanResTime" : 97.09374999999999,
    "medianResTime" : 13.0,
    "minResTime" : 8.0,
    "maxResTime" : 902.0,
    "pct1ResTime" : 546.4999999999995,
    "pct2ResTime" : 896.8,
    "pct3ResTime" : 902.0,
    "throughput" : 0.3764263027879073,
    "receivedKBytesPerSec" : 0.27747195182919654,
    "sentKBytesPerSec" : 0.0829980480237619
  },
  "TC_01_getAllPetTypes" : {
    "transaction" : "TC_01_getAllPetTypes",
    "sampleCount" : 15,
    "errorCount" : 0,
    "errorPct" : 0.0,
    "meanResTime" : 82.00000000000004,
    "medianResTime" : 12.0,
    "minResTime" : 8.0,
    "maxResTime" : 894.0,
    "pct1ResTime" : 427.2000000000003,
    "pct2ResTime" : 894.0,
    "pct3ResTime" : 894.0,
    "throughput" : 0.2108370229812355,
    "receivedKBytesPerSec" : 0.17276007625272333,
    "sentKBytesPerSec" : 0.03685529991566519
  },
  "TC_02_addPetTypes" : {
    "transaction" : "TC_02_addPetTypes",
    "sampleCount" : 9,
    "errorCount" : 0,
    "errorPct" : 0.0,
    "meanResTime" : 112.88888888888886,
    "medianResTime" : 13.0,
    "minResTime" : 10.0,
    "maxResTime" : 902.0,
    "pct1ResTime" : 902.0,
    "pct2ResTime" : 902.0,
    "pct3ResTime" : 902.0,
    "throughput" : 0.11009308982372873,
    "receivedKBytesPerSec" : 0.08133939329533084,
    "sentKBytesPerSec" : 0.027953323588056123
  }
}