{
  "TC_03_updatePetType" : {
    "transaction" : "TC_03_updatePetType",
    "sampleCount" : 8,
    "errorCount" : 0,
    "errorPct" : 0.0,
    "meanResTime" : 49.125,
    "medianResTime" : 18.0,
    "minResTime" : 15.0,
    "maxResTime" : 228.0,
    "pct1ResTime" : 228.0,
    "pct2ResTime" : 228.0,
    "pct3ResTime" : 228.0,
    "throughput" : 0.11180836047015416,
    "receivedKBytesPerSec" : 0.06113154865061285,
    "sentKBytesPerSec" : 0.03330229486659865
  },
  "Total" : {
    "transaction" : "Total",
    "sampleCount" : 32,
    "errorCount" : 0,
    "errorPct" : 0.0,
    "meanResTime" : 252.4687500000001,
    "medianResTime" : 17.0,
    "minResTime" : 12.0,
    "maxResTime" : 3407.0,
    "pct1ResTime" : 536.6999999999997,
    "pct2ResTime" : 3295.8499999999995,
    "pct3ResTime" : 3407.0,
    "throughput" : 0.37665226756435455,
    "receivedKBytesPerSec" : 0.2681785294965807,
    "sentKBytesPerSec" : 0.09408260528607916
  },
  "TC_01_getAllPetTypes" : {
    "transaction" : "TC_01_getAllPetTypes",
    "sampleCount" : 15,
    "errorCount" : 0,
    "errorPct" : 0.0,
    "meanResTime" : 275.00000000000006,
    "medianResTime" : 17.0,
    "minResTime" : 12.0,
    "maxResTime" : 3236.0,
    "pct1ResTime" : 1695.8000000000009,
    "pct2ResTime" : 3236.0,
    "pct3ResTime" : 3236.0,
    "throughput" : 0.20444044649793516,
    "receivedKBytesPerSec" : 0.15986550800043614,
    "sentKBytesPerSec" : 0.04172661456842622
  },
  "TC_02_addPetTypes" : {
    "transaction" : "TC_02_addPetTypes",
    "sampleCount" : 9,
    "errorCount" : 0,
    "errorPct" : 0.0,
    "meanResTime" : 395.66666666666674,
    "medianResTime" : 16.0,
    "minResTime" : 14.0,
    "maxResTime" : 3407.0,
    "pct1ResTime" : 3407.0,
    "pct2ResTime" : 3407.0,
    "pct3ResTime" : 3407.0,
    "throughput" : 0.1073729420186113,
    "receivedKBytesPerSec" : 0.07970250611429254,
    "sentKBytesPerSec" : 0.030408352720114534
  }
}