{
  "TC_03_updatePetType" : {
    "transaction" : "TC_03_updatePetType",
    "sampleCount" : 8,
    "errorCount" : 0,
    "errorPct" : 0.0,
    "meanResTime" : 48.25,
    "medianResTime" : 19.0,
    "minResTime" : 13.0,
    "maxResTime" : 231.0,
    "pct1ResTime" : 231.0,
    "pct2ResTime" : 231.0,
    "pct3ResTime" : 231.0,
    "throughput" : 0.10956052534271903,
    "receivedKBytesPerSec" : 0.05177109296895328,
    "sentKBytesPerSec" : 0.032632773661649704
  },
  "Total" : {
    "transaction" : "Total",
    "sampleCount" : 32,
    "errorCount" : 0,
    "errorPct" : 0.0,
    "meanResTime" : 167.3125,
    "medianResTime" : 19.0,
    "minResTime" : 12.0,
    "maxResTime" : 1981.0,
    "pct1ResTime" : 526.3999999999996,
    "pct2ResTime" : 1951.1,
    "pct3ResTime" : 1981.0,
    "throughput" : 0.3764617303122279,
    "receivedKBytesPerSec" : 0.2358974825592339,
    "sentKBytesPerSec" : 0.09403501167619586
  },
  "TC_01_getAllPetTypes" : {
    "transaction" : "TC_01_getAllPetTypes",
    "sampleCount" : 15,
    "errorCount" : 0,
    "errorPct" : 0.0,
    "meanResTime" : 188.66666666666666,
    "medianResTime" : 20.0,
    "minResTime" : 12.0,
    "maxResTime" : 1935.0,
    "pct1ResTime" : 1165.8000000000004,
    "pct2ResTime" : 1935.0,
    "pct3ResTime" : 1935.0,
    "throughput" : 0.20809922170891082,
    "receivedKBytesPerSec" : 0.14332562932672965,
    "sentKBytesPerSec" : 0.04247337630582262
  },
  "TC_02_addPetTypes" : {
    "transaction" : "TC_02_addPetTypes",
    "sampleCount" : 9,
    "errorCount" : 0,
    "errorPct" : 0.0,
    "meanResTime" : 237.55555555555554,
    "medianResTime" : 18.0,
    "minResTime" : 15.0,
    "maxResTime" : 1981.0,
    "pct1ResTime" : 1981.0,
    "pct2ResTime" : 1981.0,
    "pct3ResTime" : 1981.0,
    "throughput" : 0.1092233009708738,
    "receivedKBytesPerSec" : 0.0720925932949029,
    "sentKBytesPerSec" : 0.03093238015776699
  }
}