{
  "TC_03_updatePetType" : {
    "transaction" : "TC_03_updatePetType",
    "sampleCount" : 8,
    "errorCount" : 0,
    "errorPct" : 0.0,
    "meanResTime" : 26.625,
    "medianResTime" : 16.0,
    "minResTime" : 15.0,
    "maxResTime" : 67.0,
    "pct1ResTime" : 67.0,
    "pct2ResTime" : 67.0,
    "pct3ResTime" : 67.0,
    "throughput" : 0.10785450427373473,
    "receivedKBytesPerSec" : 0.058956600358616225,
    "sentKBytesPerSec" : 0.03212463262059481
  },
  "Total" : {
    "transaction" : "Total",
    "sampleCount" : 32,
    "errorCount" : 0,
    "errorPct" : 0.0,
    "meanResTime" : 108.84375000000004,
    "medianResTime" : 16.0,
    "minResTime" : 13.0,
    "maxResTime" : 1068.0,
    "pct1ResTime" : 492.8999999999997,
    "pct2ResTime" : 1044.6,
    "pct3ResTime" : 1068.0,
    "throughput" : 0.37539739333435,
    "receivedKBytesPerSec" : 0.2653374947209742,
    "sentKBytesPerSec" : 0.0937691547986345
  },
  "TC_01_getAllPetTypes" : {
    "transaction" : "TC_01_getAllPetTypes",
    "sampleCount" : 15,
    "errorCount" : 0,
    "errorPct" : 0.0,
    "meanResTime" : 123.93333333333328,
    "medianResTime" : 17.0,
    "minResTime" : 13.0,
    "maxResTime" : 1032.0,
    "pct1ResTime" : 780.0000000000001,
    "pct2ResTime" : 1032.0,
    "pct3ResTime" : 1032.0,
    "throughput" : 0.21078665579944353,
    "receivedKBytesPerSec" : 0.16357922767769315,
    "sentKBytesPerSec" : 0.04302188580281611
  },
  "TC_02_addPetTypes" : {
    "transaction" : "TC_02_addPetTypes",
    "sampleCount" : 9,
    "errorCount" : 0,
    "errorPct" : 0.0,
    "meanResTime" : 156.77777777777777,
    "medianResTime" : 16.0,
    "minResTime" : 13.0,
    "maxResTime" : 1068.0,
    "pct1ResTime" : 1068.0,
    "pct2ResTime" : 1068.0,
    "pct3ResTime" : 1068.0,
    "throughput" : 0.11072153533862336,
    "receivedKBytesPerSec" : 0.08125105723688257,
    "sentKBytesPerSec" : 0.03135668481269607
  }
}