{
  "TC_03_updatePetType" : {
    "transaction" : "TC_03_updatePetType",
    "sampleCount" : 8,
    "errorCount" : 0,
    "errorPct" : 0.0,
    "meanResTime" : 23.499999999999996,
    "medianResTime" : 15.5,
    "minResTime" : 12.0,
    "maxResTime" : 57.0,
    "pct1ResTime" : 57.0,
    "pct2ResTime" : 57.0,
    "pct3ResTime" : 57.0,
    "throughput" : 0.10783269756972058,
    "receivedKBytesPerSec" : 0.050967798460688246,
    "sentKBytesPerSec" : 0.03211813745973123
  },
  "Total" : {
    "transaction" : "Total",
    "sampleCount" : 32,
    "errorCount" : 0,
    "errorPct" : 0.0,
    "meanResTime" : 104.6875,
    "medianResTime" : 15.5,
    "minResTime" : 12.0,
    "maxResTime" : 978.0,
    "pct1ResTime" : 540.6999999999996,
    "pct2ResTime" : 972.8,
    "pct3ResTime" : 978.0,
    "throughput" : 0.3756970942177869,
    "receivedKBytesPerSec" : 0.2367597960082184,
    "sentKBytesPerSec" : 0.09384401599647785
  },
  "TC_01_getAllPetTypes" : {
    "transaction" : "TC_01_getAllPetTypes",
    "sampleCount" : 15,
    "errorCount" : 0,
    "errorPct" : 0.0,
    "meanResTime" : 125.2,
    "medianResTime" : 15.0,
    "minResTime" : 13.0,
    "maxResTime" : 978.0,
    "pct1ResTime" : 802.2,
    "pct2ResTime" : 978.0,
    "pct3ResTime" : 978.0,
    "throughput" : 0.21094969552927278,
    "receivedKBytesPerSec" : 0.14690943314300983,
    "sentKBytesPerSec" : 0.04305516246642384
  },
  "TC_02_addPetTypes" : {
    "transaction" : "TC_02_addPetTypes",
    "sampleCount" : 9,
    "errorCount" : 0,
    "errorPct" : 0.0,
    "meanResTime" : 142.66666666666666,
    "medianResTime" : 16.0,
    "minResTime" : 13.0,
    "maxResTime" : 970.0,
    "pct1ResTime" : 970.0,
    "pct2ResTime" : 970.0,
    "pct3ResTime" : 970.0,
    "throughput" : 0.11089753068165016,
    "receivedKBytesPerSec" : 0.073173598532456,
    "sentKBytesPerSec" : 0.0314065272438267
  }
}