{
  "TC_03_updatePetType" : {
    "transaction" : "TC_03_updatePetType",
    "sampleCount" : 8,
    "errorCount" : 0,
    "errorPct" : 0.0,
    "meanResTime" : 39.125,
    "medianResTime" : 14.0,
    "minResTime" : 12.0,
    "maxResTime" : 179.0,
    "pct1ResTime" : 179.0,
    "pct2ResTime" : 179.0,
    "pct3ResTime" : 179.0,
    "throughput" : 0.10841136693182281,
    "receivedKBytesPerSec" : 0.05949920724187931,
    "sentKBytesPerSec" : 0.03229049503340425
  },
  "Total" : {
    "transaction" : "Total",
    "sampleCount" : 32,
    "errorCount" : 0,
    "errorPct" : 0.0,
    "meanResTime" : 86.78125000000001,
    "medianResTime" : 16.0,
    "minResTime" : 10.0,
    "maxResTime" : 1263.0,
    "pct1ResTime" : 140.89999999999992,
    "pct2ResTime" : 948.399999999999,
    "pct3ResTime" : 1263.0,
    "throughput" : 0.3762094546138563,
    "receivedKBytesPerSec" : 0.2672547511139327,
    "sentKBytesPerSec" : 0.09397199664350628
  },
  "TC_01_getAllPetTypes" : {
    "transaction" : "TC_01_getAllPetTypes",
    "sampleCount" : 15,
    "errorCount" : 0,
    "errorPct" : 0.0,
    "meanResTime" : 68.99999999999999,
    "medianResTime" : 15.0,
    "minResTime" : 10.0,
    "maxResTime" : 779.0,
    "pct1ResTime" : 342.80000000000024,
    "pct2ResTime" : 779.0,
    "pct3ResTime" : 779.0,
    "throughput" : 0.21150592216582065,
    "receivedKBytesPerSec" : 0.1652252317752397,
    "sentKBytesPerSec" : 0.043168689192047374
  },
  "TC_02_addPetTypes" : {
    "transaction" : "TC_02_addPetTypes",
    "sampleCount" : 9,
    "errorCount" : 0,
    "errorPct" : 0.0,
    "meanResTime" : 158.77777777777777,
    "medianResTime" : 18.0,
    "minResTime" : 11.0,
    "maxResTime" : 1263.0,
    "pct1ResTime" : 1263.0,
    "pct2ResTime" : 1263.0,
    "pct3ResTime" : 1263.0,
    "throughput" : 0.11035362205110598,
    "receivedKBytesPerSec" : 0.0812205532088381,
    "sentKBytesPerSec" : 0.031252490619942126
  }
}