{
  "TC_03_updatePetType" : {
    "transaction" : "TC_03_updatePetType",
    "sampleCount" : 8,
    "errorCount" : 0,
    "errorPct" : 0.0,
    "meanResTime" : 27.625,
    "medianResTime" : 24.0,
    "minResTime" : 15.0,
    "maxResTime" : 48.0,
    "pct1ResTime" : 48.0,
    "pct2ResTime" : 48.0,
    "pct3ResTime" : 48.0,
    "throughput" : 0.10879469081908802,
    "receivedKBytesPerSec" : 0.051422490582459575,
    "sentKBytesPerSec" : 0.032404668652169774
  },
  "Total" : {
    "transaction" : "Total",
    "sampleCount" : 32,
    "errorCount" : 0,
    "errorPct" : 0.0,
    "meanResTime" : 121.96874999999996,
    "medianResTime" : 18.0,
    "minResTime" : 12.0,
    "maxResTime" : 1666.0,
    "pct1ResTime" : 148.29999999999993,
    "pct2ResTime" : 1488.5499999999995,
    "pct3ResTime" : 1666.0,
    "throughput" : 0.37552514844978524,
    "receivedKBytesPerSec" : 0.23795789130893985,
    "sentKBytesPerSec" : 0.09380106628605628
  },
  "TC_01_getAllPetTypes" : {
    "transaction" : "TC_01_getAllPetTypes",
    "sampleCount" : 15,
    "errorCount" : 0,
    "errorPct" : 0.0,
    "meanResTime" : 114.73333333333336,
    "medianResTime" : 17.0,
    "minResTime" : 13.0,
    "maxResTime" : 1393.0,
    "pct1ResTime" : 600.4000000000004,
    "pct2ResTime" : 1393.0,
    "pct3ResTime" : 1393.0,
    "throughput" : 0.2094825780322603,
    "receivedKBytesPerSec" : 0.14744245775434675,
    "sentKBytesPerSec" : 0.042755721492912506
  },
  "TC_02_addPetTypes" : {
    "transaction" : "TC_02_addPetTypes",
    "sampleCount" : 9,
    "errorCount" : 0,
    "errorPct" : 0.0,
    "meanResTime" : 217.88888888888894,
    "medianResTime" : 18.0,
    "minResTime" : 12.0,
    "maxResTime" : 1666.0,
    "pct1ResTime" : 1666.0,
    "pct2ResTime" : 1666.0,
    "pct3ResTime" : 1666.0,
    "throughput" : 0.10995589546859538,
    "receivedKBytesPerSec" : 0.07255227868321706,
    "sentKBytesPerSec" : 0.03113985320887955
  }
}