{
  "TC_03_updatePetType" : {
    "transaction" : "TC_03_updatePetType",
    "sampleCount" : 8,
    "errorCount" : 0,
    "errorPct" : 0.0,
    "meanResTime" : 25.0,
    "medianResTime" : 15.5,
    "minResTime" : 12.0,
    "maxResTime" : 63.0,
    "pct1ResTime" : 63.0,
    "pct2ResTime" : 63.0,
    "pct3ResTime" : 63.0,
    "throughput" : 0.10679767181075453,
    "receivedKBytesPerSec" : 0.05045251341645752,
    "sentKBytesPerSec" : 0.03180985342019544
  },
  "Total" : {
    "transaction" : "Total",
    "sampleCount" : 32,
    "errorCount" : 0,
    "errorPct" : 0.0,
    "meanResTime" : 27.59375,
    "medianResTime" : 15.0,
    "minResTime" : 10.0,
    "maxResTime" : 152.0,
    "pct1ResTime" : 62.7,
    "pct2ResTime" : 137.04999999999995,
    "pct3ResTime" : 152.0,
    "throughput" : 0.3762846593447943,
    "receivedKBytesPerSec" : 0.23758940435314316,
    "sentKBytesPerSec" : 0.09399078176077702
  },
  "TC_02_addPetTypes" : {
    "transaction" : "TC_02_addPetTypes",
    "sampleCount" : 9,
    "errorCount" : 0,
    "errorPct" : 0.0,
    "meanResTime" : 29.444444444444446,
    "medianResTime" : 15.0,
    "minResTime" : 10.0,
    "maxResTime" : 129.0,
    "pct1ResTime" : 129.0,
    "pct2ResTime" : 129.0,
    "pct3ResTime" : 129.0,
    "throughput" : 0.11205597818643624,
    "receivedKBytesPerSec" : 0.07399877205323904,
    "sentKBytesPerSec" : 0.03173460319733058
  },
  "TC_01_getAllPetTypes" : {
    "transaction" : "TC_01_getAllPetTypes",
    "sampleCount" : 15,
    "errorCount" : 0,
    "errorPct" : 0.0,
    "meanResTime" : 27.866666666666664,
    "medianResTime" : 14.0,
    "minResTime" : 10.0,
    "maxResTime" : 152.0,
    "pct1ResTime" : 98.00000000000003,
    "pct2ResTime" : 152.0,
    "pct3ResTime" : 152.0,
    "throughput" : 0.21337733648183446,
    "receivedKBytesPerSec" : 0.1491140839710945,
    "sentKBytesPerSec" : 0.043550647778030666
  }
}